,0,1
0,Alabaster,AL
1,Cullman,AL
2,Trussville,AL
3,Birmingham,AL
4,Tuscaloosa,AL
5,Jasper,AL
6,Decatur,AL
7,Florence,AL
8,Madison,AL
9,Huntsville,AL
10,Gadsden,AL
11,Guntersville,AL
12,Montgomery,AL
13,Anniston,AL
14,Dothan,AL
15,Spanish Fort,AL
16,Fairhope,AL
17,Gulf Shores,AL
18,Orange Beach,AL
19,Mobile,AL
20,Opelika,AL
21,Phenix City,AL
22,Anchorage,AK
23,Cooper Landing,AK
24,Eagle River,AK
25,Gakona,AK
26,Girdwood,AK
27,Homer,AK
28,Kenai,AK
29,Kodiak,AK
30,Palmer,AK
31,Wasilla,AK
32,Seward,AK
33,Soldotna,AK
34,Talkeetna,AK
35,Fairbanks,AK
36,Fox,AK
37,Healy,AK
38,Nenana,AK
39,Juneau,AK
40,Haines,AK
41,Hoonah,AK
42,Sitka,AK
43,Skagway,AK
44,Ketchikan,AK
45,Phoenix,AZ
46,Queen Creek,AZ
47,Mesa,AZ
48,Chandler,AZ
49,Gilbert,AZ
50,Scottsdale,AZ
51,SCOTTSDALE,AZ
52,Fountain Hills,AZ
53,Tempe,AZ
54,Glendale,AZ
55,Avondale,AZ
56,Cave Creek,AZ
57,Goodyear,AZ
58,Litchfield Park,AZ
59,Peoria,AZ
60,Yuma,AZ
61,Pine,AZ
62,Bisbee,AZ
63,Elgin,AZ
64,Oracle,AZ
65,Sonoita,AZ
66,Tombstone,AZ
67,Tucson,AZ
68,Show Low,AZ
69,Lakeside,AZ
70,Flagstaff,AZ
71,Colorado City,AZ
72,Williams,AZ
73,Prescott,AZ
74,Prescott Valley,AZ
75,Camp Verde,AZ
76,Chino Valley,AZ
77,Cottonwood,AZ
78,Sedona,AZ
79,Skull Valley,AZ
80,Kingman,AZ
81,Lake Havasu City,AZ
82,Hot Springs National Park,AR
83,Hot Springs ,AR
84,Amity,AR
85,Bonnerdale,AR
86,North Little Rock,AR
87,Little Rock,AR
88,Paragould,AR
89,Harrison,AR
90,Mountain Home,AR
91,Norfork,AR
92,Fayetteville,AR
93,fayetteville,AR
94,Bentonville,AR
95,Rogers,AR
96,Siloam Springs,AR
97,Springdale,AR
98,Paris,AR
99,Fort Smith,AR
100,Los Angeles,CA
101,Culver City,CA
102,El Segundo,CA
103,Gardena,CA
104,Hawthorne,CA
105,Hermosa Beach,CA
106,Redondo Beach,CA
107,Venice,CA
108,Inglewood,CA
109,Santa Monica,CA
110,Torrance,CA
111,Montebello,CA
112,Avalon,CA
113,Lakewood,CA
114,Lomita,CA
115,San Pedro,CA
116,Signal Hill,CA
117,Long Beach,CA
118,Arcadia,CA
119,Monrovia,CA
120,Sierra Madre,CA
121,Pasadena,CA
122,Glendale,CA
123,Agoura Hills,CA
124,Woodland Hills,CA
125,Canoga Park,CA
126,Chatsworth,CA
127,Newhall,CA
128,San Fernando,CA
129,Santa Clarita,CA
130,Valencia,CA
131,Westlake Village,CA
132,Thousand Oaks,CA
133,Van Nuys,CA
134,Burbank,CA
135,Azusa,CA
136,Irwindale,CA
137,Chino,CA
138,Claremont,CA
139,Covina,CA
140,Rancho Cucamonga,CA
141,South El Monte,CA
142,La Verne,CA
143,Ontario,CA
144,Montclair,CA
145,Pomona,CA
146,San Dimas,CA
147,San Gabriel,CA
148,Upland,CA
149,West Covina,CA
150,Chula Vista,CA
151,Imperial Beach,CA
152,Jamul,CA
153,La Mesa,CA
154,Lemon Grove,CA
155,National City,CA
156,Carlsbad,CA
157,del Mar,CA
158,El Cajon,CA
159,Escondido,CA
160,Julian,CA
161,La Jolla,CA
162,Oceanside,CA
163,Poway,CA
164,Ramona,CA
165,San Marcos,CA
166,Santee,CA
167,Solana Beach,CA
168,Vista,CA
169,Valley Center,CA
170,San Diego,CA
171,Coronado,CA
172,Palm Desert,CA
173,Calexico,CA
174,Holtville,CA
175,Imperial,CA
176,Rancho Mirage,CA
177,Thousand Palms,CA
178,Apple Valley,CA
179,Big Bear Lake,CA
180,Colton,CA
181,Hesperia,CA
182,Redlands,CA
183,Yucaipa,CA
184,San Bernardino,CA
185,Riverside,CA
186,Lake Elsinore,CA
187,Idyllwild,CA
188,Murrieta,CA
189,Menifee,CA
190,Temecula,CA
191,Wildomar,CA
192,Irvine,CA
193,Costa Mesa,CA
194,Huntington Beach,CA
195,Laguna Beach,CA
196,Laguna Hills,CA
197,Aliso Viejo,CA
198,San Clemente,CA
199,San Juan Capistrano,CA
200,Rancho Santa Margarita,CA
201,Santa Ana,CA
202,Tustin,CA
203,Anaheim,CA
204,Brea,CA
205,Fullerton,CA
206,Norco,CA
207,Orange,CA
208,Placentia,CA
209,Corona,CA
210,Yorba Linda,CA
211,Ventura,CA
212,Camarillo,CA
213,Carpinteria,CA
214,Moorpark,CA
215,Ojai,CA
216,Oxnard,CA
217,Santa Barbara,CA
218,Goleta,CA
219,Exeter,CA
220,Kernville,CA
221,Lemoore,CA
222,Taft,CA
223,Three Rivers,CA
224,Tulare,CA
225,Visalia,CA
226,Bakersfield,CA
227,San Luis Obispo,CA
228,Arroyo Grande,CA
229,Atascadero,CA
230,Buellton,CA
231,Cambria,CA
232,Grover Beach,CA
233,Lompoc,CA
234,Morro Bay,CA
235,Paso Robles,CA
236,Pismo Beach,CA
237,Santa Margarita,CA
238,Orcutt,CA
239,Santa Maria,CA
240,Solvang,CA
241,Bishop,CA
242,Bridgeport,CA
243,Inyokern,CA
244,June Lake,CA
245,Lancaster,CA
246,Lancaster ,CA
247,Mammoth Lakes,CA
248,Palmdale,CA
249,Tehachapi,CA
250,Clovis,CA
251,Los Banos,CA
252,Madera,CA
253,Oakhurst,CA
254,Sanger,CA
255,Fresno,CA
256,Salinas,CA
257,Carmel-By-The-Sea,CA
258,Carmel,CA
259,Marina,CA
260,Monterey,CA
261,Belmont,CA
262,Burlingame,CA
263,Half Moon Bay,CA
264,Mountain View,CA
265,Pacifica,CA
266,Pescadero,CA
267,Redwood City,CA
268,San Carlos,CA
269,South San Francisco,CA
270,Sunnyvale,CA
271,San Francisco,CA
272,Alameda,CA
273,American Canyon,CA
274,Benicia,CA
275,Calistoga,CA
276,Martinez,CA
277,Concord,CA
278,Danville,CA
279,El Cerrito,CA
280,Fairfield,CA
281,Fremont,CA
282,Hayward,CA
283,Livermore,CA
284,Napa,CA
285,Pittsburg,CA
286,Pleasanton,CA
287,Dublin,CA
288,St Helena,CA
289,Saint Helena,CA
290,San Leandro,CA
291,San Ramon,CA
292,Suisun City,CA
293,Vallejo,CA
294,Walnut Creek,CA
295,Oakland,CA
296,Berkeley,CA
297,Albany,CA
298,Richmond,CA
299,San Rafael,CA
300,Rohnert Park,CA
301,Fairfax,CA
302,Cotati,CA
303,Larkspur,CA
304,Mill Valley,CA
305,Novato,CA
306,Petaluma,CA
307,Campbell,CA
308,Capitola,CA
309,Gilroy,CA
310,Hollister,CA
311,Los Gatos,CA
312,Morgan Hill,CA
313,Santa Clara,CA
314,Santa Cruz,CA
315,Scotts Valley,CA
316,Soquel,CA
317,Watsonville,CA
318,San Jose,CA
319,Stockton,CA
320,Arnold,CA
321,Lodi,CA
322,Ceres,CA
323,Jamestown,CA
324,Mariposa,CA
325,Modesto,CA
326,Oakdale,CA
327,Tracy,CA
328,Turlock,CA
329,Santa Rosa,CA
330,Boonville,CA
331,Cloverdale,CA
332,Fort Bragg,CA
333,Guerneville,CA
334,Healdsburg,CA
335,Kelseyville,CA
336,Kenwood,CA
337,Lakeport,CA
338,Potter Valley,CA
339,Sebastopol,CA
340,Sonoma,CA
341,Ukiah,CA
342,Windsor,CA
343,Eureka,CA
344,McKinleyville,CA
345,Arcata,CA
346,Blue Lake,CA
347,Crescent City,CA
348,Fortuna,CA
349,Loleta,CA
350,Scotia,CA
351,Auburn,CA
352,Cool,CA
353,Davis,CA
354,Diamond Springs,CA
355,Dixon,CA
356,Elk Grove,CA
357,Fair Oaks,CA
358,Folsom,CA
359,Galt,CA
360,Garden Valley,CA
361,Lincoln,CA
362,Loomis,CA
363,Newcastle,CA
364,Orangevale,CA
365,Placerville,CA
366,Plymouth,CA
367,Rancho Cordova,CA
368,Rocklin,CA
369,Roseville,CA
370,West Sacramento,CA
371,Winters,CA
372,Woodland,CA
373,Camino,CA
374,El Dorado Hills,CA
375,Sacramento,CA
376,Sacramento ,CA
377,Chico,CA
378,Grass Valley,CA
379,Nevada City,CA
380,Oroville,CA
381,Princeton,CA
382,Quincy,CA
383,Yuba City,CA
384,Redding,CA
385,Dunsmuir,CA
386,Etna,CA
387,Mccloud,CA
388,Red Bluff,CA
389,Weed,CA
390,Blairsden-Graeagle,CA
391,Susanville,CA
392,Lake Almanor,CA
393,South Lake Tahoe,CA
394,Truckee,CA
395,Arvada,CO
396,Aurora,CO
397,Centennial,CO
398,Broomfield,CO
399,Westminster,CO
400,Lafayette,CO
401,Louisville,CO
402,Wheat Ridge,CO
403,Castle Rock,CO
404,CASTLE ROCK,CO
405,Elizabeth,CO
406,Sheridan,CO
407,Englewood,CO
408,Greenwood Village,CO
409,Littleton,CO
410,Lone Tree,CO
411,Highlands Ranch,CO
412,Monument,CO
413,Parker,CO
414,Denver,CO
415,Lakewood,CO
416,Edgewater,CO
417,Thornton,CO
418,Northglenn,CO
419,Boulder,CO
420,Mordor,CO
421,Golden,CO
422,Bailey,CO
423,Breckenridge,CO
424,Central City,CO
425,Dillon,CO
426,Evergreen,CO
427,Frisco,CO
428,Georgetown,CO
429,Granby,CO
430,Idaho Springs,CO
431,Kremmling,CO
432,Leadville,CO
433,Nederland,CO
434,Steamboat Springs,CO
435,Winter Park,CO
436,Silverthorne,CO
437,Longmont,CO
438,Niwot,CO
439,Berthoud,CO
440,Erie,CO
441,Estes Park,CO
442,Fort Collins,CO
443,Frederick,CO
444,Johnstown,CO
445,Loveland,CO
446,Lyons,CO
447,Timnath,CO
448,Wellington,CO
449,Severance,CO
450,Windsor,CO
451,Brighton,CO
452,Fort Lupton,CO
453,Greeley,CO
454,Sterling,CO
455,Yuma,CO
456,Divide,CO
457,Florissant ,CO
458,Manitou Springs,CO
459,Peyton,CO
460,Woodland Park,CO
461,Colorado Springs,CO
462,Pueblo,CO
463,La Junta,CO
464,Trinidad,CO
465,Walsenburg,CO
466,Alamosa,CO
467,Bayfield,CO
468,Crestone,CO
469,del Norte,CO
470,Pagosa Springs,CO
471,Salida,CO
472,Buena Vista,CO
473,Crested Butte,CO
474,Florence,CO
475,Gunnison,CO
476,Lake City,CO
477,Poncha Springs,CO
478,Durango,CO
479,Cortez,CO
480,Dolores,CO
481,Mancos,CO
482,Montrose,CO
483,Ouray,CO
484,Paonia,CO
485,Ridgway,CO
486,Silverton,CO
487,Telluride,CO
488,Grand Junction,CO
489,Fruita,CO
490,Palisade,CO
491,Glenwood Springs,CO
492,Aspen,CO
493,Basalt,CO
494,Carbondale,CO
495,Eagle,CO
496,Edwards,CO
497,Hayden,CO
498,Vail,CO
499,Bloomfield,CT
500,Bristol,CT
501,North Canaan,CT
502,Colebrook,CT
503,Ellington,CT
504,Granby,CT
505,Manchester,CT
506,Manchester ,CT
507,Bolton,CT
508,New Britain,CT
509,New Hartford,CT
510,Plainville,CT
511,Rocky Hill,CT
512,South Windsor,CT
513,Suffield,CT
514,Enfield,CT
515,East Windsor,CT
516,Hartford,CT
517,East Hartford,CT
518,Wethersfield,CT
519,West Hartford,CT
520,Willimantic,CT
521,Danielson,CT
522,Putnam,CT
523,New London,CT
524,Groton,CT
525,Mystic,CT
526,Niantic,CT
527,Norwich,CT
528,Stonington,CT
529,Pawcatuck,CT
530,Branford,CT
531,Chester,CT
532,Derby,CT
533,Salem,CT
534,Haddam,CT
535,Middlefield,CT
536,Middletown,CT
537,Milford,CT
538,Milldale,CT
539,Monroe,CT
540,Newtown,CT
541,Old Saybrook,CT
542,Oxford,CT
543,Southington,CT
544,Wallingford,CT
545,New Haven,CT
546,East Haven,CT
547,Hamden,CT
548,Woodbridge,CT
549,Bridgeport,CT
550,Stratford,CT
551,Waterbury,CT
552,Wolcott,CT
553,Kent,CT
554,New Milford,CT
555,Oakville,CT
556,Woodbury,CT
557,Bethel,CT
558,Danbury,CT
559,Norwalk,CT
560,Ridgefield,CT
561,Westport,CT
562,Redding,CT
563,Stamford,CT
564,Bear,DE
565,Newark,DE
566,Middletown,DE
567,Yorklyn,DE
568,Wilmington,DE
569,Dover,DE
570,Delmar,DE
571,Lewes,DE
572,Milford,DE
573,Milton,DE
574,Rehoboth Beach,DE
575,Dewey Beach,DE
576,Smyrna,DE
577,Fernandina Beach,FL
578,Lake City,FL
579,Macclenny,FL
580,Orange Park,FL
581,Saint Augustine,FL
582,Yulee,FL
583,Daytona Beach,FL
584,Port Orange,FL
585,Palm Coast,FL
586,New Smyrna Beach,FL
587,Ormond Beach,FL
588,Jacksonville,FL
589,Atlantic Beach,FL
590,Jacksonville Beach,FL
591,Tallahassee,FL
592,Apalachicola,FL
593,Panama City,FL
594,Santa Rosa Beach,FL
595,Pensacola,FL
596,Destin,FL
597,Fort Walton Beach,FL
598,Navarre,FL
599,Milton,FL
600,Niceville,FL
601,Gainesville,FL
602,Casselberry,FL
603,Winter Springs,FL
604,Debary,FL
605,Deland,FL
606,Eustis,FL
607,Longwood,FL
608,Mount Dora,FL
609,Oviedo,FL
610,Sanford,FL
611,Titusville,FL
612,Winter Park,FL
613,Orlando,FL
614,Lake Buena Vista,FL
615,Melbourne,FL
616,West Melbourne,FL
617,Cape Canaveral,FL
618,Cocoa,FL
619,Cocoa Beach,FL
620,Indian Harbour Beach,FL
621,Merritt Island,FL
622,Sebastian,FL
623,Vero Beach,FL
624,Dania,FL
625,Hollywood,FL
626,Homestead,FL
627,Islamorada,FL
628,Key West,FL
629,Opa Locka,FL
630,Pompano Beach,FL
631,Coral Springs,FL
632,Miami,FL
633,Miami Beach,FL
634,Doral,FL
635,Fort Lauderdale,FL
636,Davie,FL
637,Oakland Park,FL
638,West Palm Beach,FL
639,North Palm Beach,FL
640,Royal Palm Beach,FL
641,Boynton Beach,FL
642,Boca Raton,FL
643,Delray Beach,FL
644,Jupiter,FL
645,Lake Worth,FL
646,Tequesta,FL
647,Zephyrhills,FL
648,Plant City,FL
649,Riverview,FL
650,Apollo Beach,FL
651,Valrico,FL
652,Tampa,FL
653,TAMPA,FL
654,St Petersburg,FL
655,Saint Petersburg,FL
656,St Pete Beach,FL
657,Madeira Beach,FL
658,Clearwater,FL
659,Largo,FL
660,Seminole,FL
661,Lakeland,FL
662,Auburndale,FL
663,Winter Haven,FL
664,Fort Myers,FL
665,Cape Coral,FL
666,Punta Gorda,FL
667,Naples,FL
668,Bonita Springs,FL
669,Bradenton,FL
670,Palmetto,FL
671,Sarasota,FL
672,Venice,FL
673,Crystal River,FL
674,Ocala,FL
675,Spring Hill,FL
676,Brooksville,FL
677,Land O Lakes,FL
678,New Port Richey,FL
679,Trinity,FL
680,Palm Harbor,FL
681,Tarpon Springs,FL
682,Safety Harbor,FL
683,Safety Harbor ,FL
684,Dunedin,FL
685,Clermont,FL
686,Leesburg,FL
687,Ocoee,FL
688,Wildwood,FL
689,Winter Garden,FL
690,Fort Pierce,FL
691,Port Saint Lucie,FL
692,Alpharetta,GA
693,Decatur,GA
694,Cumming,GA
695,Lawrenceville,GA
696,Marietta,GA
697,Roswell,GA
698,Stone Mountain,GA
699,Tucker,GA
700,Duluth,GA
701,Johns Creek,GA
702,Carrollton,GA
703,Cartersville,GA
704,Kennesaw,GA
705,kennesaw,GA
706,Rome,GA
707,Woodstock,GA
708,Hampton,GA
709,LaGrange,GA
710,Lagrange,GA
711,Newnan,GA
712,Peachtree City,GA
713,Atlanta,GA
714,Sandy Springs,GA
715,CHAMBLEE,GA
716,Chamblee,GA
717,Hapeville,GA
718,Statesboro,GA
719,Gainesville,GA
720,Blue Ridge,GA
721,Braselton,GA
722,Cleveland,GA
723,Dahlonega,GA
724,Athens,GA
725,Greensboro,GA
726,Dalton,GA
727,Rock Spring,GA
728,Augusta,GA
729,Macon,GA
730,Savannah,GA
731,Brunswick,GA
732,Valdosta,GA
733,Albany,GA
734,West Point,GA
735,Columbus,GA
736,Port Allen,HI
737,Hilo,HI
738,Kailua,HI
739,Kailua Kona,HI
740,Kamuela,HI
741,Kaneohe,HI
742,Kihei,HI
743,Lahaina,HI
744,Lihue,HI
745,Mililani,HI
746,Waipahu,HI
747,Honolulu,HI
748,Pocatello,ID
749,Challis,ID
750,Twin Falls,ID
751,Buhl,ID
752,Hailey,ID
753,Ketchum,ID
754,Idaho Falls,ID
755,Victor,ID
756,Salmon,ID
757,Cottonwood,ID
758,Kendrick,ID
759,Riggins,ID
760,McCall,ID
761,Nampa,ID
762,Boise,ID
763,Garden City,ID
764,GARDEN CITY,ID
765,Bonners Ferry,ID
766,Coeur D Alene,ID
767,Hayden,ID
768,Kellogg,ID
769,Moscow,ID
770,Ponderay,ID
771,Post Falls,ID
772,Priest Lake,ID
773,Rathdrum,ID
774,Sandpoint,ID
775,Wallace,ID
776,Elk Grove Village,IL
777,Barrington,IL
778,South Barrington,IL
779,Lake Barrington,IL
780,Cary,IL
781,Crystal Lake,IL
782,Rosemont,IL
783,Glenview,IL
784,Grayslake,IL
785,Gurnee,IL
786,Highland Park,IL
787,Highwood,IL
788,Lake Bluff,IL
789,Long Grove,IL
790,Lake Zurich,IL
791,Libertyville,IL
792,McHenry,IL
793,Mundelein,IL
794,MUNDELEIN,IL
795,Northbrook,IL
796,Palatine,IL
797,Lincolnshire,IL
798,Wauconda,IL
799,Waukegan,IL
800,Buffalo Grove,IL
801,Winthrop Harbor,IL
802,Algonquin,IL
803,Bloomingdale,IL
804,Dekalb,IL
805,East Dundee,IL
806,West Dundee,IL
807,Elmhurst,IL
808,Forest Park,IL
809,Geneva,IL
810,Itasca,IL
811,Lombard,IL
812,Schaumburg,IL
813,Saint Charles,IL
814,Schiller Park,IL
815,Villa Park,IL
816,Wheaton,IL
817,Evanston,IL
818,Oak Park,IL
819,Berwyn,IL
820,Shorewood,IL
821,Blue Island,IL
822,Channahon,IL
823,Crete,IL
824,Flossmoor,IL
825,Homewood,IL
826,Joliet,IL
827,Lansing,IL
828,Lemont,IL
829,Bolingbrook,IL
830,Romeoville,IL
831,Mokena,IL
832,New Lenox,IL
833,Orland Park,IL
834,Tinley Park,IL
835,Willow Springs,IL
836,Aurora,IL
837,Downers Grove,IL
838,Woodridge,IL
839,Hodgkins,IL
840,Willowbrook,IL
841,Lyons,IL
842,Naperville,IL
843,North Aurora,IL
844,Oswego,IL
845,Plainfield,IL
846,Warrenville,IL
847,Westmont,IL
848,Darien,IL
849,Chicago,IL
850,Niles,IL
851,Bourbonnais,IL
852,Manteno,IL
853,Byron,IL
854,Freeport,IL
855,Galena,IL
856,Lena,IL
857,South Beloit,IL
858,Rockford,IL
859,Machesney Park,IL
860,Rock Island,IL
861,Geneseo,IL
862,Moline,IL
863,Ottawa,IL
864,Galesburg,IL
865,Monmouth,IL
866,Peoria,IL
867,East Peoria,IL
868,Bloomington,IL
869,Clinton,IL
870,Normal,IL
871,Urbana,IL
872,Champaign,IL
873,Georgetown,IL
874,Mahomet,IL
875,Monticello,IL
876,Savoy,IL
877,Paris,IL
878,Alton,IL
879,Edwardsville,IL
880,Grafton,IL
881,Belleville,IL
882,Breese,IL
883,Collinsville,IL
884,O Fallon,IL
885,Red Bud,IL
886,Waterloo,IL
887,Teutopolis,IL
888,Decatur,IL
889,Cantrall,IL
890,Petersburg,IL
891,Springfield,IL
892,Christopher,IL
893,Du Quoin,IL
894,Alto Pass,IL
895,Ava,IL
896,Elkville,IL
897,Murphysboro,IL
898,Anderson,IN
899,Carmel,IN
900,Fishers,IN
901,Lapel,IN
902,McCordsville,IN
903,Noblesville,IN
904,Westfield,IN
905,Whitestown,IN
906,Bargersville,IN
907,Beech Grove,IN
908,Brownsburg,IN
909,Franklin,IN
910,Greencastle,IN
911,Greenfield,IN
912,Greenwood,IN
913,Martinsville,IN
914,Plainfield,IN
915,Whiteland,IN
916,Indianapolis,IN
917,INDIANAPOLIS,IN
918,Chesterton,IN
919,Porter,IN
920,Crown Point,IN
921,Dyer,IN
922,Griffith,IN
923,Hammond,IN
924,Munster,IN
925,La Porte,IN
926,Michigan City,IN
927,Saint John,IN
928,Valparaiso,IN
929,Whiting,IN
930,Gary,IN
931,Merrillville,IN
932,Elkhart,IN
933,Goshen,IN
934,Granger,IN
935,Knox,IN
936,Mishawaka,IN
937,Syracuse,IN
938,Walkerton,IN
939,Warsaw,IN
940,South Bend,IN
941,Albion,IN
942,Angola,IN
943,Auburn,IN
944,Laotto,IN
945,Fort Wayne,IN
946,Kokomo,IN
947,Fairmount,IN
948,Peru,IN
949,Rochester,IN
950,Aurora,IN
951,Batesville,IN
952,Oldenburg,IN
953,Corydon,IN
954,Jeffersonville,IN
955,New Albany,IN
956,Columbus,IN
957,Madison,IN
958,Seymour,IN
959,Muncie,IN
960,Liberty,IN
961,Richmond,IN
962,Bloomington,IN
963,Bedford,IN
964,Nashville,IN
965,Spencer,IN
966,Ferdinand,IN
967,Jasper,IN
968,Tell City,IN
969,Vincennes,IN
970,Evansville,IN
971,Terre Haute,IN
972,Clinton,IN
973,West Terre Haute,IN
974,Lafayette,IN
975,West Lafayette,IN
976,Crawfordsville,IN
977,Monticello,IN
978,Rensselaer,IN
979,Altoona,IA
980,Ames,IA
981,Ankeny,IA
982,Bondurant,IA
983,Boone,IA
984,Carlisle,IA
985,Ellsworth,IA
986,Knoxville,IA
987,Marshalltown,IA
988,Polk City,IA
989,West Des Moines,IA
990,Winterset,IA
991,Des Moines,IA
992,Clive,IA
993,Mason City,IA
994,Clear Lake,IA
995,Hampton,IA
996,Lake Mills,IA
997,Northwood,IA
998,Osage,IA
999,Fort Dodge,IA
1000,Clarion,IA
1001,Humboldt,IA
1002,Cedar Falls,IA
1003,Charles City,IA
1004,Waterloo,IA
1005,Sioux City,IA
1006,Sibley,IA
1007,Milford,IA
1008,Spirit Lake,IA
1009,Carroll,IA
1010,Glenwood,IA
1011,Shenandoah,IA
1012,Dubuque,IA
1013,Bellevue,IA
1014,Elkader,IA
1015,Manchester,IA
1016,Decorah,IA
1017,Calmar,IA
1018,Amana,IA
1019,Iowa City,IA
1020,Coralville,IA
1021,Kalona,IA
1022,Mount Vernon,IA
1023,Cedar Rapids,IA
1024,Ottumwa,IA
1025,Albia,IA
1026,Oskaloosa,IA
1027,Burlington,IA
1028,Fort Madison,IA
1029,Keokuk,IA
1030,Bettendorf ,IA
1031,Bettendorf,IA
1032,De Witt,IA
1033,Le Claire,IA
1034,Muscatine,IA
1035,Davenport,IA
1036,Eudora,KS
1037,Lawrence,KS
1038,Leavenworth,KS
1039,Olathe,KS
1040,Ottawa,KS
1041,Kansas City,KS
1042,Shawnee,KS
1043,Overland Park,KS
1044,Lenexa,KS
1045,Manhattan,KS
1046,Topeka,KS
1047,Fort Scott,KS
1048,Emporia,KS
1049,Washington,KS
1050,Cheney,KS
1051,El Dorado,KS
1052,Wichita,KS
1053,Salina,KS
1054,McPherson,KS
1055,Clay Center,KS
1056,Sylvan Grove,KS
1057,Hutchinson,KS
1058,Beaver,KS
1059,Hays,KS
1060,Quinter,KS
1061,Dodge City,KS
1062,Louisville,KY
1063,Georgetown,KY
1064,Harrodsburg,KY
1065,Paris,KY
1066,Versailles,KY
1067,Danville,KY
1068,Richmond,KY
1069,Lexington,KY
1070,FRANKFORT,KY
1071,Frankfort,KY
1072,Alexandria,KY
1073,Covington,KY
1074,Ludlow,KY
1075,Cynthiana,KY
1076,Florence,KY
1077,Newport,KY
1078,Bellevue,KY
1079,Pikeville,KY
1080,Prestonsburg,KY
1081,Paducah,KY
1082,Bowling Green,KY
1083,Glasgow,KY
1084,Hopkinsville,KY
1085,Henderson,KY
1086,Somerset,KY
1087,Elizabethtown,KY
1088,Reserve,LA
1089,New Orleans,LA
1090,Houma,LA
1091,Hammond,LA
1092,Amite,LA
1093,Covington,LA
1094,Mandeville,LA
1095,Ponchatoula,LA
1096,Arnaudville,LA
1097,Broussard,LA
1098,Lake Charles,LA
1099,Baton Rouge,LA
1100,Shreveport,LA
1101,Bossier City,LA
1102,Monroe,LA
1103,Ruston,LA
1104,West Monroe,LA
1105,Alexandria,LA
1106,Marksville,LA
1107,Natchitoches,LA
1108,Berwick,ME
1109,York,ME
1110,Eliot,ME
1111,Kittery,ME
1112,Lyman,ME
1113,Biddeford,ME
1114,Bridgton,ME
1115,Brunswick,ME
1116,Freeport,ME
1117,Fryeburg,ME
1118,Gorham,ME
1119,Gray,ME
1120,Kennebunk,ME
1121,Limerick,ME
1122,Naples,ME
1123,Old Orchard Beach,ME
1124,Saco,ME
1125,Scarborough,ME
1126,Wells,ME
1127,Westbrook,ME
1128,Portland,ME
1129,South Portland,ME
1130,S Portland,ME
1131,Peaks Island,ME
1132,Auburn,ME
1133,Bethel,ME
1134,Lewiston,ME
1135,Monmouth,ME
1136,Norway,ME
1137,Wilton,ME
1138,Augusta,ME
1139,Gardiner,ME
1140,Hallowell,ME
1141,Whitefield,ME
1142,Winthrop,ME
1143,Bangor,ME
1144,Brewer,ME
1145,Bucksport,ME
1146,Amherst,ME
1147,Milo,ME
1148,Monson,ME
1149,Orono,ME
1150,Winterport,ME
1151,Bath,ME
1152,Boothbay,ME
1153,Newcastle,ME
1154,Waldoboro,ME
1155,Westport Island,ME
1156,Ellsworth,ME
1157,Bar Harbor,ME
1158,Blue Hill,ME
1159,Lubec,ME
1160,Machias,ME
1161,Sedgwick,ME
1162,Caribou,ME
1163,Fort Kent,ME
1164,Rockland,ME
1165,Camden,ME
1166,Lincolnville,ME
1167,North Haven,ME
1168,Union,ME
1169,Waterville,ME
1170,Belfast,ME
1171,Farmington,ME
1172,Carrabassett Valley,ME
1173,Liberty,ME
1174,Searsmont,ME
1175,Skowhegan,ME
1176,Dowell,MD
1177,Prince Frederick,MD
1178,Laurel,MD
1179,Owings,MD
1180,Hyattsville,MD
1181,Bethesda,MD
1182,Brookeville,MD
1183,Rockville,MD
1184,Derwood,MD
1185,Gaithersburg,MD
1186,Silver Spring,MD
1187,Bel Air,MD
1188,Ellicott City,MD
1189,Columbia,MD
1190,Hampstead,MD
1191,Monkton,MD
1192,Odenton,MD
1193,Crofton,MD
1194,Street,MD
1195,Westminister,MD
1196,Westminster,MD
1197,Whiteford,MD
1198,Baltimore,MD
1199,Dundalk,MD
1200,Halethorpe,MD
1201,Baltimore. MD,MD
1202,Annapolis,MD
1203,Cumberland,MD
1204,Easton,MD
1205,Cambridge,MD
1206,Centreville,MD
1207,Denton,MD
1208,Saint Michaels,MD
1209,Stevensville,MD
1210,Sudlersville,MD
1211,Frederick,MD
1212,Adamstown,MD
1213,Brunswick,MD
1214,Hagerstown,MD
1215,Mount Airy,MD
1216,Williamsport,MD
1217,Salisbury,MD
1218,Berlin,MD
1219,Ocean City,MD
1220,Parsonsburg,MD
1221,Whaleyville,MD
1222,Chesapeake City,MD
1223,Elkton,MD
1224,Amherst,MA
1225,Barre,MA
1226,Belchertown,MA
1227,South Hadley,MA
1228,Easthampton,MA
1229,Westhampton,MA
1230,Gilbertville,MA
1231,Hampden,MA
1232,Holyoke,MA
1233,Ludlow,MA
1234,Ludlow ,MA
1235,Northampton,MA
1236,Florence,MA
1237,Southwick,MA
1238,Westfield,MA
1239,West Springfield,MA
1240,Whately,MA
1241,Williamsburg,MA
1242,Springfield,MA
1243,Pittsfield,MA
1244,Dalton,MA
1245,Great Barrington,MA
1246,North Adams,MA
1247,Sheffield,MA
1248,Greenfield,MA
1249,Colrain,MA
1250,Millers Falls,MA
1251,Orange,MA
1252,Shelburne Falls,MA
1253,South Deerfield,MA
1254,Turners Falls,MA
1255,Fitchburg,MA
1256,Ayer,MA
1257,Gardner,MA
1258,Westminster,MA
1259,Charlton,MA
1260,East Brookfield,MA
1261,Sturbridge,MA
1262,Fiskdale,MA
1263,Holden ,MA
1264,Spencer,MA
1265,Webster,MA
1266,Westborough,MA
1267,West Boylston,MA
1268,West Brookfield,MA
1269,Whitinsville,MA
1270,Worcester,MA
1271,Framingham,MA
1272,Acton,MA
1273,Bolton,MA
1274,Concord,MA
1275,Hopkinton,MA
1276,Hudson,MA
1277,Marlborough,MA
1278,Maynard,MA
1279,Milford,MA
1280,Natick,MA
1281,Woburn,MA
1282,Andover,MA
1283,Haverhill,MA
1284,Lowell,MA
1285,Lynn,MA
1286,Amesbury,MA
1287,Beverly,MA
1288,Gloucester,MA
1289,Ipswich,MA
1290,Marblehead,MA
1291,Newburyport,MA
1292,Peabody,MA
1293,Salem,MA
1294,West Newbury,MA
1295,Canton,MA
1296,Hingham,MA
1297,Marshfield,MA
1298,Medfield,MA
1299,Norwood,MA
1300,Scituate,MA
1301,Boston,MA
1302,Dorchester,MA
1303,Jamaica Plain,MA
1304,Cambridge,MA
1305,Somerville,MA
1306,Malden,MA
1307,Everett,MA
1308,Chelsea,MA
1309,Braintree,MA
1310,Weymouth,MA
1311,Bridgewater,MA
1312,Hanover,MA
1313,Abington,MA
1314,North Easton,MA
1315,Plymouth,MA
1316,Whitman,MA
1317,Waltham,MA
1318,Newton,MA
1319,Watertown,MA
1320,East Sandwich,MA
1321,Edgartown,MA
1322,Nantucket,MA
1323,Oak Bluffs,MA
1324,Hyannis,MA
1325,Mashpee,MA
1326,Orleans,MA
1327,South Dennis,MA
1328,Attleboro,MA
1329,Fall River,MA
1330,New Bedford,MA
1331,Norton,MA
1332,Raynham,MA
1333,Berkley,MA
1334,Westport,MA
1335,Armada,MI
1336,Birmingham,MI
1337,Clawson,MI
1338,Hazel Park,MI
1339,Clinton Township,MI
1340,Marine City,MI
1341,Marysville,MI
1342,Royal Oak,MI
1343,Saint Clair,MI
1344,Saint Clair Shores,MI
1345,Troy,MI
1346,Warren,MI
1347,Washington,MI
1348,Ann Arbor,MI
1349,Brighton,MI
1350,Chelsea,MI
1351,Dearborn,MI
1352,Dexter,MI
1353,Livonia,MI
1354,Milan,MI
1355,New Hudson,MI
1356,Northville,MI
1357,Plymouth,MI
1358,Romulus,MI
1359,Saline,MI
1360,South Lyon,MI
1361,Canton,MI
1362,Wyandotte,MI
1363,Ypsilanti,MI
1364,Detroit,MI
1365,Ferndale,MI
1366,Grosse Pointe Park,MI
1367,Rochester,MI
1368,Shelby Township,MI
1369,Shelby Charter Township,MI
1370,Auburn Hills,MI
1371,Waterford,MI
1372,Farmington,MI
1373,Pontiac,MI
1374,Clarkston,MI
1375,Oxford,MI
1376,Novi,MI
1377,Milford,MI
1378,Commerce Township,MI
1379,Wixom,MI
1380,Davison,MI
1381,Fenton,MI
1382,Holly,MI
1383,Lapeer,MI
1384,Lexington,MI
1385,Port Austin,MI
1386,Sandusky,MI
1387,Flint,MI
1388,Burton,MI
1389,Saginaw,MI
1390,Clare,MI
1391,Hemlock,MI
1392,Midland,MI
1393,West Branch,MI
1394,Bay City,MI
1395,Frankenmuth,MI
1396,Oscoda,MI
1397,Tawas City,MI
1398,Alma,MI
1399,Charlotte,MI
1400,Dewitt,MI
1401,Dimondale,MI
1402,East Lansing,MI
1403,Grand Ledge,MI
1404,Greenville,MI
1405,Howell,MI
1406,Ionia,MI
1407,Mason,MI
1408,Mount Pleasant,MI
1409,Mt Pleasant,MI
1410,Portland,MI
1411,Williamston,MI
1412,Lansing,MI
1413,Kalamazoo,MI
1414,Portage,MI
1415,Allegan,MI
1416,Bangor,MI
1417,Benton Harbor,MI
1418,Springfield,MI
1419,Decatur,MI
1420,Delton,MI
1421,Dowagiac,MI
1422,Galesburg,MI
1423,Hastings,MI
1424,Lawton,MI
1425,Marshall,MI
1426,Paw Paw,MI
1427,PAW PAW,MI
1428,Plainwell,MI
1429,Saint Joseph,MI
1430,South Haven,MI
1431,Three Rivers,MI
1432,Vicksburg,MI
1433,Watervliet,MI
1434,Baroda,MI
1435,Bridgman,MI
1436,Buchanan,MI
1437,New Buffalo,MI
1438,Sawyer,MI
1439,Stevensville,MI
1440,Jackson,MI
1441,Adrian,MI
1442,Albion,MI
1443,Grass Lake,MI
1444,Hillsdale,MI
1445,Tecumseh,MI
1446,Ada,MI
1447,Big Rapids,MI
1448,Caledonia,MI
1449,Dutton,MI
1450,Cedar Springs,MI
1451,Comstock Park,MI
1452,Dorr,MI
1453,Lowell,MI
1454,Morley,MI
1455,Newaygo,MI
1456,Rockford,MI
1457,Sparta,MI
1458,Wayland,MI
1459,Allendale,MI
1460,Douglas,MI
1461,Fennville,MI
1462,Fremont,MI
1463,Grand Haven,MI
1464,Grandville,MI
1465,Hart,MI
1466,Holland,MI
1467,Hudsonville,MI
1468,Ludington,MI
1469,Muskegon,MI
1470,Saugatuck,MI
1471,Spring Lake,MI
1472,Whitehall,MI
1473,Zeeland,MI
1474,Grand Rapids,MI
1475,Wyoming,MI
1476,Walker,MI
1477,Grand rapids,MI
1478,Cadillac,MI
1479,Bellaire,MI
1480,Beulah,MI
1481,Cedar,MI
1482,Lake Ann,MI
1483,Manistee,MI
1484,Northport,MI
1485,Reed City,MI
1486,Suttons Bay,MI
1487,Traverse City,MI
1488,Mackinaw City,MI
1489,Alanson,MI
1490,Alpena,MI
1491,Boyne City,MI
1492,Cedarville,MI
1493,Charlevoix,MI
1494,Gaylord,MI
1495,Grayling,MI
1496,Harbor Springs,MI
1497,Paradise,MI
1498,Petoskey,MI
1499,Sault Sainte Marie,MI
1500,Kingsford,MI
1501,Escanaba,MI
1502,Grand Marais,MI
1503,Ishpeming,MI
1504,Manistique,MI
1505,Marquette,MI
1506,Menominee,MI
1507,Munising,MI
1508,Calumet,MI
1509,Houghton,MI
1510,Ironwood,MI
1511,Bethel,MN
1512,Chisago City,MN
1513,Lino Lakes,MN
1514,Dundas,MN
1515,Hastings,MN
1516,Lakeville,MN
1517,Northfield,MN
1518,Pine City,MN
1519,Red Wing,MN
1520,Stillwater,MN
1521,Willernie,MN
1522,Saint Paul,MN
1523,White Bear Lake,MN
1524,New Brighton,MN
1525,Roseville,MN
1526,Eagan,MN
1527,Oakdale,MN
1528,Woodbury,MN
1529,Annandale,MN
1530,Anoka,MN
1531,Burnsville,MN
1532,Big Lake,MN
1533,Buffalo,MN
1534,Delano,MN
1535,Excelsior,MN
1536,Hopkins,MN
1537,Minnetonka,MN
1538,Hutchinson,MN
1539,Jordan,MN
1540,Long Lake,MN
1541,Monticello,MN
1542,Maple Grove,MN
1543,Prior Lake,MN
1544,Shakopee,MN
1545,Spring Park,MN
1546,Victoria,MN
1547,Waconia,MN
1548,wayzata ,MN
1549,Minneapolis,MN
1550,St Louis Park,MN
1551,Golden Valley,MN
1552,Brooklyn Ctr,MN
1553,Coon Rapids,MN
1554,Edina,MN
1555,Brooklyn Park,MN
1556,Blaine,MN
1557,Grand Marais,MN
1558,Two Harbors,MN
1559,Ely,MN
1560,Grand Rapids,MN
1561,Hibbing,MN
1562,Moose Lake,MN
1563,Duluth,MN
1564,Rochester,MN
1565,Austin,MN
1566,Fountain,MN
1567,Rollingstone,MN
1568,Winona,MN
1569,Mankato,MN
1570,North Mankato,MN
1571,Belle Plaine,MN
1572,Blue Earth,MN
1573,Madelia,MN
1574,Montgomery,MN
1575,New Prague,MN
1576,New Ulm,MN
1577,Waseca,MN
1578,Hendricks,MN
1579,Luverne,MN
1580,Willmar,MN
1581,Marshall,MN
1582,Montevideo,MN
1583,New London,MN
1584,Saint Cloud,MN
1585,Alexandria,MN
1586,Ashby,MN
1587,Cold Spring,MN
1588,Little Falls,MN
1589,Saint Joseph,MN
1590,Baxter,MN
1591,Brainerd,MN
1592,Crosby,MN
1593,Nisswa,MN
1594,Detroit Lakes,MN
1595,Fergus Falls,MN
1596,Moorhead,MN
1597,Perham,MN
1598,Bemidji,MN
1599,Ranier,MN
1600,Hallock,MN
1601,Greenville,MS
1602,okolona,MS
1603,Water Valley,MS
1604,Natchez,MS
1605,Vicksburg,MS
1606,Flowood,MS
1607,Meridian,MS
1608,Hattiesburg,MS
1609,Laurel,MS
1610,Gulfport,MS
1611,Biloxi,MS
1612,Kiln,MS
1613,Ocean Springs,MS
1614,Starkville,MS
1615,Ellisville,MO
1616,Berger,MO
1617,Chesterfield,MO
1618,Festus,MO
1619,Florissant,MO
1620,Maryland Heights,MO
1621,High Ridge,MO
1622,Hillsboro,MO
1623,Labadie,MO
1624,Valley Park,MO
1625,Washington,MO
1626,Saint Louis,MO
1627,St. Louis,MO
1628,Creve Coeur,MO
1629,Maplewood,MO
1630,Saint Charles,MO
1631,O Fallon,MO
1632,Saint Peters,MO
1633,Wentzville,MO
1634,Hannibal,MO
1635,Park Hills,MO
1636,Sainte Genevieve,MO
1637,Cape Girardeau,MO
1638,Perryville,MO
1639,Poplar Bluff,MO
1640,Blue Springs,MO
1641,Excelsior Springs,MO
1642,Higginsville,MO
1643,Independence,MO
1644,Lees Summit,MO
1645,Weston,MO
1646,Kansas City,MO
1647,North Kansas City,MO
1648,Raytown,MO
1649,Saint Joseph,MO
1650,Carrollton,MO
1651,Hamilton,MO
1652,Drexel,MO
1653,Neosho,MO
1654,Hermann,MO
1655,Stover,MO
1656,Versailles,MO
1657,Jefferson City,MO
1658,Columbia,MO
1659,Rolla,MO
1660,Bucyrus,MO
1661,Saint James,MO
1662,Aurora,MO
1663,Branson,MO
1664,Ozark,MO
1665,Phillipsburg,MO
1666,Pontiac,MO
1667,Seligman,MO
1668,West Plains,MO
1669,Springfield,MO
1670,Harlowton,MT
1671,Laurel,MT
1672,Livingston,MT
1673,Red Lodge,MT
1674,Billings,MT
1675,Wolf Point,MT
1676,Glasgow,MT
1677,Sidney,MT
1678,Miles City,MT
1679,Baker,MT
1680,Glendive,MT
1681,Wibaux,MT
1682,Great Falls,MT
1683,Belt,MT
1684,Black Eagle,MT
1685,Cut Bank,MT
1686,Havre,MT
1687,Malta,MT
1688,Helena,MT
1689,White Sulphur Springs,MT
1690,Butte,MT
1691,Anaconda,MT
1692,Belgrade,MT
1693,Bozeman,MT
1694,Big Sky,MT
1695,Deer Lodge,MT
1696,Dillon,MT
1697,Sheridan,MT
1698,Missoula,MT
1699,Bonner,MT
1700,darby,MT
1701,Hamilton,MT
1702,Lolo,MT
1703,Philipsburg,MT
1704,Polson,MT
1705,Stevensville,MT
1706,Kalispell,MT
1707,Bigfork,MT
1708,Columbia Falls,MT
1709,Eureka,MT
1710,Lakeside,MT
1711,Libby,MT
1712,Whitefish,MT
1713,Papillion,NE
1714,Springfield,NE
1715,Omaha,NE
1716,LaVista,NE
1717,La Vista,NE
1718,Beatrice,NE
1719,Ohiowa,NE
1720,Pawnee City,NE
1721,Seward,NE
1722,Lincoln,NE
1723,Columbus,NE
1724,Albion,NE
1725,Norfolk,NE
1726,Atkinson,NE
1727,Wayne,NE
1728,Grand Island,NE
1729,Broken Bow,NE
1730,Kearney,NE
1731,Ord,NE
1732,Taylor,NE
1733,Hastings,NE
1734,Fairfield,NE
1735,Holdrege,NE
1736,Mc Cook,NE
1737,Imperial,NE
1738,North Platte,NE
1739,Valentine,NE
1740,Alliance,NE
1741,Scottsbluff,NE
1742,Boulder City,NV
1743,Henderson,NV
1744,Laughlin,NV
1745,Tonopah,NV
1746,Las Vegas,NV
1747,Sparks,NV
1748,Virginia City,NV
1749,Incline Village,NV
1750,Reno,NV
1751,Carson City,NV
1752,Elko,NV
1753,Wells,NV
1754,Amherst,NH
1755,Derry,NH
1756,Londonderry,NH
1757,Merrimack,NH
1758,Nashua,NH
1759,Salem,NH
1760,Manchester,NH
1761,Ashland,NH
1762,Bristol,NH
1763,Campton,NH
1764,Canterbury,NH
1765,Epsom,NH
1766,Henniker,NH
1767,Lincoln,NH
1768,New London,NH
1769,Northwood,NH
1770,North Woodstock,NH
1771,Plymouth,NH
1772,Salisbury,NH
1773,Suncook,NH
1774,Tilton,NH
1775,Concord,NH
1776,Keene,NH
1777,Marlborough,NH
1778,Peterborough,NH
1779,Troy,NH
1780,Richmond,NH
1781,Winchester,NH
1782,Littleton,NH
1783,Bethlehem,NH
1784,Colebrook,NH
1785,Franconia,NH
1786,Lancaster,NH
1787,Alstead,NH
1788,Langdon,NH
1789,Croydon,NH
1790,Portsmouth,NH
1791,Porstmouth,NH
1792,Portsmouth ,NH
1793,Newington,NH
1794,Conway,NH
1795,Dover,NH
1796,Exeter,NH
1797,Hampton,NH
1798,New Durham,NH
1799,Newmarket,NH
1800,North Conway,NH
1801,North Hampton,NH
1802,Somersworth,NH
1803,West Ossipee,NH
1804,Wolfeboro,NH
1805,Fairfield,NJ
1806,Cranford,NJ
1807,Hoboken,NJ
1808,Kenilworth,NJ
1809,Montclair,NJ
1810,North Bergen,NJ
1811,Rahway,NJ
1812,South Orange,NJ
1813,Woodbridge,NJ
1814,Roselle Park,NJ
1815,Jersey City,NJ
1816,Butler,NJ
1817,Hackensack,NJ
1818,Little Ferry,NJ
1819,Ridgefield Park,NJ
1820,Red Bank,NJ
1821,Asbury Park,NJ
1822,Ocean,NJ
1823,Atlantic Highlands,NJ
1824,Belford,NJ
1825,Belmar,NJ
1826,Bradley Beach,NJ
1827,Keansburg,NJ
1828,Long Branch,NJ
1829,Tinton Falls,NJ
1830,Neptune City,NJ
1831,Dover,NJ
1832,Blairstown,NJ
1833,Denville,NJ
1834,Hackettstown,NJ
1835,Lafayette,NJ
1836,Long Valley,NJ
1837,Sparta,NJ
1838,Berkeley Heights,NJ
1839,Chatham,NJ
1840,New Providence,NJ
1841,Cherry Hill,NJ
1842,Atco,NJ
1843,Beach Haven,NJ
1844,Berlin,NJ
1845,Burlington,NJ
1846,Clarksboro,NJ
1847,Glassboro,NJ
1848,Haddonfield,NJ
1849,Haddon Heights,NJ
1850,Hammonton,NJ
1851,Voorhees,NJ
1852,Manahawkin,NJ
1853,Maple Shade,NJ
1854,Marlton,NJ
1855,Medford,NJ
1856,Mount Holly,NJ
1857,Pitman,NJ
1858,Somerdale,NJ
1859,Little Egg Harbor Twp,NJ
1860,Shamong,NJ
1861,Westville,NJ
1862,Williamstown,NJ
1863,Woodbury,NJ
1864,Oaklyn,NJ
1865,Collingswood,NJ
1866,Merchantville,NJ
1867,Pennsauken,NJ
1868,Avalon,NJ
1869,Cape May,NJ
1870,North Cape May,NJ
1871,Galloway,NJ
1872,Cape May Court House,NJ
1873,Ocean View,NJ
1874,Egg Harbor Township,NJ
1875,Rio Grande,NJ
1876,Wildwood,NJ
1877,Millville,NJ
1878,Vineland,NJ
1879,Atlantic City,NJ
1880,Bordentown,NJ
1881,Cream Ridge,NJ
1882,Hopewell,NJ
1883,Pennington,NJ
1884,Princeton,NJ
1885,Ewing,NJ
1886,Lakewood,NJ
1887,Forked River,NJ
1888,Point Pleasant Boro,NJ
1889,Point Pleasant Beach,NJ
1890,Seaside Heights,NJ
1891,Toms River,NJ
1892,Waretown,NJ
1893,Flemington,NJ
1894,Manville ,NJ
1895,Edison,NJ
1896,Metuchen,NJ
1897,Hillsborough,NJ
1898,Middlesex,NJ
1899,Milford,NJ
1900,New Brunswick,NJ
1901,Belen,NM
1902,Bernalillo,NM
1903,Cedar Crest,NM
1904,Grants,NM
1905,Moriarty,NM
1906,Corrales,NM
1907,Albuquerque,NM
1908,Los Ranchos de Albuquerque,NM
1909,Rio Rancho,NM
1910,Farmington,NM
1911,Aztec,NM
1912,Santa Fe,NM
1913,Abiquiu,NM
1914,El Prado,NM
1915,Embudo,NM
1916,Los Alamos,NM
1917,Ojo Caliente,NM
1918,Red River,NM
1919,Taos,NM
1920,Angel Fire,NM
1921,Cimarron,NM
1922,Eagle Nest,NM
1923,Raton,NM
1924,Truth or Consequences,NM
1925,Las Cruces,NM
1926,Silver City,NM
1927,Portales,NM
1928,Roswell,NM
1929,Artesia,NM
1930,Carlsbad,NM
1931,Lovington,NM
1932,Cloudcroft,NM
1933,Ruidoso Downs,NM
1934,New York,NY
1935,Staten Island,NY
1936,Bronx,NY
1937,Brewster,NY
1938,Dobbs Ferry,NY
1939,Elmsford,NY
1940,Mamaroneck,NY
1941,Ossining,NY
1942,Peekskill,NY
1943,Yonkers,NY
1944,Tuckahoe,NY
1945,Blauvelt,NY
1946,Chester ,NY
1947,Chester,NY
1948,Florida,NY
1949,Garnerville,NY
1950,Middletown,NY
1951,New City,NY
1952,Pearl River,NY
1953,Pine Island,NY
1954,Westtown,NY
1955,Long Island City,NY
1956,Astoria,NY
1957,Brooklyn,NY
1958,Flushing,NY
1959,Ridgewood,NY
1960,Queens,NY
1961,Freeport,NY
1962,Glen Cove,NY
1963,Oceanside,NY
1964,Amityville,NY
1965,Bay Shore,NY
1966,Centerport,NY
1967,Farmingdale,NY
1968,Holbrook,NY
1969,Huntington,NY
1970,Northport,NY
1971,Oyster Bay,NY
1972,Patchogue,NY
1973,Port Jefferson Station,NY
1974,Port Jefferson,NY
1975,West Islip,NY
1976,Hicksville,NY
1977,Riverhead,NY
1978,Greenport,NY
1979,Mattituck,NY
1980,Montauk,NY
1981,Peconic,NY
1982,Shelter Island,NY
1983,Southampton,NY
1984,Westhampton Beach,NY
1985,Altamont,NY
1986,Athens,NY
1987,Catskill,NY
1988,MALTA,NY
1989,Chatham,NY
1990,Cohoes,NY
1991,Delmar,NY
1992,Earlton,NY
1993,Clifton Park,NY
1994,Gloversville,NY
1995,Greenville,NY
1996,Howes Cave,NY
1997,Mechanicville,NY
1998,Middleburgh,NY
1999,Nassau,NY
2000,Rensselaer,NY
2001,Rensselaerville,NY
2002,Troy,NY
2003,Albany,NY
2004,Schenectady,NY
2005,Kingston,NY
2006,Accord,NY
2007,Kerhonkson,NY
2008,Phoenicia,NY
2009,Wawarsing,NY
2010,West Kill,NY
2011,Beacon,NY
2012,Gardiner,NY
2013,highland,NY
2014,Highland,NY
2015,East Fishkill,NY
2016,Hudson,NY
2017,Hyde Park,NY
2018,Millerton,NY
2019,Newburgh,NY
2020,New Paltz,NY
2021,Red Hook,NY
2022,Walden,NY
2023,Wappingers Falls,NY
2024,Poughkeepsie,NY
2025,Eldred,NY
2026,Livingston Manor,NY
2027,Port Jervis,NY
2028,Roscoe,NY
2029,Glens Falls,NY
2030,South Glens Falls,NY
2031,Queensbury,NY
2032,Bolton Landing,NY
2033,Fort Ann,NY
2034,Fort Edward,NY
2035,Granville,NY
2036,Lake George,NY
2037,Salem,NY
2038,Saratoga Springs,NY
2039,Schroon Lake,NY
2040,Plattsburgh,NY
2041,Dickinson Center,NY
2042,Keeseville,NY
2043,Lake Placid,NY
2044,Peru,NY
2045,Saranac Lake,NY
2046,Tupper Lake,NY
2047,Westport,NY
2048,Auburn,NY
2049,Baldwinsville,NY
2050,Canastota,NY
2051,Cazenovia,NY
2052,Clay,NY
2053,Cortland,NY
2054,Dryden,NY
2055,Freeville,NY
2056,Groton,NY
2057,King Ferry,NY
2058,Manlius,NY
2059,Marietta,NY
2060,Oswego,NY
2061,Pompey,NY
2062,Seneca Falls,NY
2063,Tully,NY
2064,Warners,NY
2065,Weedsport,NY
2066,Syracuse,NY
2067,North Syracuse,NY
2068,Cherry Valley,NY
2069,Cooperstown,NY
2070,Hamilton,NY
2071,Holland Patent,NY
2072,Ilion,NY
2073,Lowville,NY
2074,Morrisville,NY
2075,Munnsville,NY
2076,Old Forge,NY
2077,Rome,NY
2078,Sherburne,NY
2079,Utica,NY
2080,Watertown,NY
2081,Fort Drum,NY
2082,Cape Vincent,NY
2083,Chase Mills,NY
2084,Clayton,NY
2085,Gouverneur,NY
2086,Akwesasne,NY
2087,Sackets Harbor,NY
2088,Davenport,NY
2089,Endicott,NY
2090,Johnson City,NY
2091,Oneonta,NY
2092,Owego,NY
2093,Port Crane,NY
2094,Unadilla,NY
2095,Binghamton,NY
2096,Clarence,NY
2097,East Aurora,NY
2098,Hamburg,NY
2099,Lewiston,NY
2100,Lockport,NY
2101,Strykersville,NY
2102,Wilson,NY
2103,Buffalo,NY
2104,Williamsville,NY
2105,Cheektowaga,NY
2106,Avon,NY
2107,Brockport,NY
2108,Canandaigua,NY
2109,Farmington,NY
2110,Dansville,NY
2111,Fairport,NY
2112,Geneva,NY
2113,Hilton,NY
2114,Bloomfield,NY
2115,Honeoye Falls,NY
2116,Linwood,NY
2117,Livonia,NY
2118,Manchester,NY
2119,Ovid,NY
2120,Penfield,NY
2121,Penn Yan,NY
2122,Perry,NY
2123,Phelps,NY
2124,Pittsford,NY
2125,Spencerport,NY
2126,Victor,NY
2127,Warsaw,NY
2128,Webster,NY
2129,Rochester,NY
2130,Bemus Point,NY
2131,Ellicottville,NY
2132,Lakewood,NY
2133,Little Valley,NY
2134,Mayville,NY
2135,Olean,NY
2136,Ripley,NY
2137,Westfield,NY
2138,Burdett,NY
2139,Chemung,NY
2140,Corning,NY
2141,Dundee,NY
2142,Hammondsport,NY
2143,Hector,NY
2144,Himrod,NY
2145,Hornell,NY
2146,Interlaken,NY
2147,Ithaca,NY
2148,Lodi,NY
2149,Lansing,NY
2150,Troupsburg,NY
2151,Trumansburg,NY
2152,Watkins Glen,NY
2153,Wellsville,NY
2154,Elmira,NY
2155,Clemmons,NC
2156,Lewisville,NC
2157,Mount Airy,NC
2158,Winston Salem,NC
2159,Winston-Salem,NC
2160,Asheboro,NC
2161,Bear Creek,NC
2162,Burlington,NC
2163,High Point,NC
2164,Jamestown,NC
2165,Kernersville,NC
2166,Mebane,NC
2167,Pittsboro,NC
2168,Sanford,NC
2169,Saxapahaw,NC
2170,Whitsett,NC
2171,Greensboro,NC
2172,Angier,NC
2173,Apex,NC
2174,Carrboro,NC
2175,Cary,NC
2176,Chapel Hill,NC
2177,Clayton,NC
2178,Fuquay Varina,NC
2179,Holly Springs,NC
2180,Oxford,NC
2181,Roxboro,NC
2182,Smithfield,NC
2183,Wake Forest,NC
2184,Raleigh,NC
2185,Durham,NC
2186,Rocky Mount,NC
2187,Farmville,NC
2188,Greenville,NC
2189,Tarboro,NC
2190,Walstonburg,NC
2191,Wilson,NC
2192,Elizabeth City,NC
2193,Ahoskie,NC
2194,Corolla,NC
2195,Grandy,NC
2196,Kill Devil Hills,NC
2197,Manteo,NC
2198,Ocracoke,NC
2199,Belmont,NC
2200,Concord,NC
2201,Cornelius,NC
2202,Dallas,NC
2203,Gastonia,NC
2204,Gold Hill,NC
2205,Harrisburg,NC
2206,Huntersville,NC
2207,Indian Trail,NC
2208,Lincolnton,NC
2209,Monroe,NC
2210,Mooresville,NC
2211,Rutherfordton,NC
2212,Salisbury,NC
2213,Shelby,NC
2214,Waxhaw,NC
2215,Charlotte,NC
2216,Fayetteville,NC
2217,Aberdeen,NC
2218,Hope Mills,NC
2219,Pinehurst,NC
2220,Southern Pines,NC
2221,Wilmington,NC
2222,Carolina Beach,NC
2223,Surf City,NC
2224,Southport,NC
2225,Ocean Isle Beach,NC
2226,Shallotte,NC
2227,Kinston,NC
2228,Morehead City,NC
2229,New Bern,NC
2230,Newport,NC
2231,Oriental,NC
2232,Hickory,NC
2233,Beech Mountain,NC
2234,Banner Elk,NC
2235,Blowing Rock,NC
2236,Boone,NC
2237,Beaufort,NC
2238,Elkin,NC
2239,Granite Falls,NC
2240,Morganton,NC
2241,Statesville,NC
2242,West Jefferson,NC
2243,ARDEN,NC
2244,Arden,NC
2245,Black Mountain,NC
2246,Brevard,NC
2247,Bryson City,NC
2248,Burnsville,NC
2249,Canton,NC
2250,Etowah,NC
2251,Fairview,NC
2252,Fletcher,NC
2253,Franklin,NC
2254,Hendersonville,NC
2255,Highlands,NC
2256,Lake Lure,NC
2257,Marion,NC
2258,Marshall,NC
2259,Nebo,NC
2260,Pisgah Forest ,NC
2261,Pisgah Forest,NC
2262,Sapphire,NC
2263,Spruce Pine,NC
2264,Sylva,NC
2265,Tryon,NC
2266,Waynesville,NC
2267,Weaverville,NC
2268,Asheville,NC
2269,Woodfin,NC
2270,Andrews,NC
2271,Hayesville,NC
2272,Murphy,NC
2273,Mapleton,ND
2274,West Fargo,ND
2275,Fargo,ND
2276,Grand Forks,ND
2277,Bismarck,ND
2278,Mandan,ND
2279,Minot,ND
2280,Watford City,ND
2281,Alexandria,OH
2282,Buckeye Lake,OH
2283,Delaware,OH
2284,Granville,OH
2285,Johnstown,OH
2286,Lewis Center,OH
2287,MARYSVILLE,OH
2288,Mount Vernon,OH
2289,Newark,OH
2290,Heath,OH
2291,Powell,OH
2292,Westerville,OH
2293,Canal Winchester,OH
2294,Carroll,OH
2295,Grove City,OH
2296,Lancaster,OH
2297,Logan,OH
2298,Pickerington,OH
2299,Sugar Grove,OH
2300,Columbus,OH
2301,Whitehall,OH
2302,Bellefontaine,OH
2303,Marengo,OH
2304,Bowling Green,OH
2305,Kelleys Island,OH
2306,Port Clinton,OH
2307,Catawba Island,OH
2308,Put In Bay,OH
2309,Bryan,OH
2310,Defiance,OH
2311,Grand Rapids,OH
2312,Hicksville,OH
2313,Holland,OH
2314,Maumee,OH
2315,Montpelier,OH
2316,Napoleon,OH
2317,Sylvania,OH
2318,Wauseon,OH
2319,Toledo,OH
2320,Zanesville,OH
2321,Cambridge,OH
2322,Coshocton,OH
2323,Fresno,OH
2324,Cadiz,OH
2325,Bloomingdale,OH
2326,Rayland,OH
2327,Ashtabula,OH
2328,Avon,OH
2329,Berea,OH
2330,Chagrin Falls,OH
2331,Elyria,OH
2332,Geneva,OH
2333,Lorain,OH
2334,Madison,OH
2335,Mentor,OH
2336,North Olmsted,OH
2337,Willoughby,OH
2338,Cleveland,OH
2339,Lakewood,OH
2340,Rocky River,OH
2341,Cleveland Heights,OH
2342,Middleburg Heights,OH
2343,Strongsville,OH
2344,Westlake,OH
2345,Barberton,OH
2346,Brunswick,OH
2347,Cuyahoga Falls,OH
2348,Stow,OH
2349,Garrettsville,OH
2350,Hudson,OH
2351,Kent,OH
2352,Medina,OH
2353,Wadsworth,OH
2354,Akron,OH
2355,Columbiana,OH
2356,Cortland,OH
2357,Lake Milton,OH
2358,Lisbon,OH
2359,Warren,OH
2360,Youngstown,OH
2361,Austintown,OH
2362,Bolivar,OH
2363,Dover,OH
2364,Hartville,OH
2365,Massillon,OH
2366,Millersburg,OH
2367,Minerva,OH
2368,Sherrodsville,OH
2369,Wooster,OH
2370,Canton,OH
2371,North Canton,OH
2372,Ashland,OH
2373,Nevada,OH
2374,Sandusky,OH
2375,Tiffin,OH
2376,Mansfield,OH
2377,Hamilton,OH
2378,Fairfield,OH
2379,Mason,OH
2380,Middletown,OH
2381,Monroe,OH
2382,Springboro,OH
2383,Trenton,OH
2384,West Chester ,OH
2385,West Chester,OH
2386,Loveland,OH
2387,Milford,OH
2388,Morrow,OH
2389,Mount Orab,OH
2390,Williamsburg,OH
2391,Wilmington,OH
2392,Cincinnati,OH
2393,Blue Ash,OH
2394,Beavercreek,OH
2395,Medway,OH
2396,Miamisburg,OH
2397,Vandalia,OH
2398,Versailles,OH
2399,Xenia,OH
2400,Yellow Springs,OH
2401,Dayton,OH
2402,Huber Heights,OH
2403,Centerville,OH
2404,Springfield,OH
2405,Bidwell,OH
2406,Jackson,OH
2407,Portsmouth,OH
2408,Athens,OH
2409,Marietta,OH
2410,Pomeroy,OH
2411,Celina,OH
2412,Coldwater,OH
2413,Findlay,OH
2414,Maria Stein,OH
2415,Edmond,OK
2416,Chickasha,OK
2417,Norman,OK
2418,Oklahoma City,OK
2419,Moore,OK
2420,Mead,OK
2421,Broken Arrow,OK
2422,Stillwater,OK
2423,Tulsa,OK
2424,Pryor,OK
2425,Muskogee,OK
2426,Krebs,OK
2427,Ponca City,OK
2428,Broken Bow,OK
2429,Beaverton,OR
2430,Cascade Locks,OR
2431,Clackamas,OR
2432,Estacada,OR
2433,Government Camp,OR
2434,Gresham,OR
2435,Hood River,OR
2436,Lake Oswego,OR
2437,Mount Hood Parkdale,OR
2438,Oregon City,OR
2439,Saint Helens,OR
2440,Sandy,OR
2441,The Dalles,OR
2442,Troutdale,OR
2443,Tualatin,OR
2444,West Linn,OR
2445,Wilsonville,OR
2446,Astoria,OR
2447,Banks,OR
2448,Cannon Beach,OR
2449,Dundee,OR
2450,Forest Grove,OR
2451,Hillsboro,OR
2452,McMinnville,OR
2453,Newberg,OR
2454,Pacific City,OR
2455,Seaside,OR
2456,Sherwood,OR
2457,Tillamook,OR
2458,Portland,OR
2459,Milwaukie,OR
2460,Tigard,OR
2461,Salem,OR
2462,Albany,OR
2463,Alsea,OR
2464,Corvallis,OR
2465,Depoe Bay,OR
2466,Independence,OR
2467,Lebanon,OR
2468,Mount Angel,OR
2469,Newport,OR
2470,Lincoln City,OR
2471,Philomath,OR
2472,Seal Rock,OR
2473,Silverton,OR
2474,Gleneden Beach,OR
2475,Eugene,OR
2476,Bandon,OR
2477,Brookings,OR
2478,Coos Bay,OR
2479,Florence,OR
2480,Gold Beach,OR
2481,Oakridge,OR
2482,Reedsport,OR
2483,Roseburg,OR
2484,Springfield,OR
2485,Winston,OR
2486,Yachats,OR
2487,Medford,OR
2488,Ashland,OR
2489,Cave Junction,OR
2490,Grants Pass,OR
2491,Klamath Falls,OR
2492,Bend,OR
2493,Redmond,OR
2494,Sunriver,OR
2495,Burns,OR
2496,Mitchell,OR
2497,Prineville,OR
2498,Sisters,OR
2499,Pendleton,OR
2500,Baker City,OR
2501,Boardman,OR
2502,Enterprise,OR
2503,Hermiston,OR
2504,Joseph,OR
2505,La Grande,OR
2506,Milton Freewater,OR
2507,Ontario,OR
2508,Beaver Falls,PA
2509,Burgettstown,PA
2510,Charleroi,PA
2511,New Brighton,PA
2512,New Kensington,PA
2513,Oakdale,PA
2514,West Newton,PA
2515,Braddock,PA
2516,Heidelberg,PA
2517,Coraopolis,PA
2518,Homestead,PA
2519,Mc Kees Rocks,PA
2520,North Versailles,PA
2521,Springdale,PA
2522,Pittsburgh,PA
2523,Sharpsburg,PA
2524,Castle Shannon,PA
2525,Washington,PA
2526,Canonsburg,PA
2527,Uniontown,PA
2528,Smithton,PA
2529,Bedford,PA
2530,Berlin,PA
2531,Greensburg,PA
2532,Champion,PA
2533,Delmont,PA
2534,Export,PA
2535,Irwin,PA
2536,Latrobe,PA
2537,Indiana,PA
2538,Du Bois,PA
2539,Saint Marys,PA
2540,Johnstown,PA
2541,Ebensburg,PA
2542,Butler,PA
2543,Harmony,PA
2544,Mars,PA
2545,Renfrew,PA
2546,Sarver,PA
2547,Slippery Rock,PA
2548,Zelienople,PA
2549,New Castle,PA
2550,Edinburg,PA
2551,Greenville,PA
2552,Grove City,PA
2553,Jamestown,PA
2554,Pulaski,PA
2555,Clarion,PA
2556,Ford City,PA
2557,Franklin,PA
2558,Meadville,PA
2559,Lander,PA
2560,Titusville,PA
2561,North East,PA
2562,Venango,PA
2563,Erie,PA
2564,Altoona,PA
2565,Duncansville,PA
2566,Bradford,PA
2567,Kane,PA
2568,State College,PA
2569,Clearfield,PA
2570,Howard,PA
2571,Millheim,PA
2572,Wellsboro,PA
2573,Mansfield,PA
2574,Annville,PA
2575,Camp Hill,PA
2576,Carlisle,PA
2577,Dillsburg,PA
2578,Elizabethtown,PA
2579,Enola,PA
2580,Hershey,PA
2581,Hummelstown,PA
2582,Lewistown,PA
2583,Lebanon,PA
2584,Mechanicsburg,PA
2585,Middletown,PA
2586,Newport,PA
2587,Palmyra,PA
2588,Harrisburg,PA
2589,Chambersburg,PA
2590,Abbottstown,PA
2591,Biglerville,PA
2592,Dallastown,PA
2593,Fawn Grove,PA
2594,Gettysburg,PA
2595,Hanover,PA
2596,New Freedom,PA
2597,Spring Grove,PA
2598,York Haven,PA
2599,York,PA
2600,Bird In Hand,PA
2601,Columbia,PA
2602,East Petersburg,PA
2603,Ephrata,PA
2604,Lititz,PA
2605,Manheim,PA
2606,Marietta,PA
2607,Mount Joy,PA
2608,Stevens,PA
2609,Lancaster,PA
2610,Williamsport,PA
2611,Sunbury,PA
2612,Bloomsburg,PA
2613,Danville,PA
2614,Mc Clure,PA
2615,Mifflinburg,PA
2616,Selinsgrove,PA
2617,Shamokin,PA
2618,Hegins,PA
2619,Bangor,PA
2620,Bethlehem,PA
2621,Breinigsville,PA
2622,Catasauqua,PA
2623,Easton,PA
2624,Emmaus,PA
2625,Hellertown,PA
2626,Nazareth,PA
2627,Allentown,PA
2628,Conyngham,PA
2629,Tamaqua,PA
2630,Milford,PA
2631,Shawnee on Delaware,PA
2632,Stroudsburg,PA
2633,Swiftwater,PA
2634,Tannersville,PA
2635,Carbondale,PA
2636,Hawley,PA
2637,Honesdale,PA
2638,Moscow,PA
2639,Newfoundland,PA
2640,Scott Township ,PA
2641,Peckville,PA
2642,Berwick,PA
2643,Dallas,PA
2644,Pittston,PA
2645,Shickshinny,PA
2646,Tunkhannock,PA
2647,Wilkes Barre,PA
2648,Montrose,PA
2649,Sayre,PA
2650,Doylestown,PA
2651,Buckingham,PA
2652,Chalfont,PA
2653,New Hope,PA
2654,Perkasie,PA
2655,Pipersville,PA
2656,Quakertown,PA
2657,Ambler,PA
2658,Ardmore,PA
2659,Huntingdon Valley,PA
2660,Bristol,PA
2661,Bryn Mawr,PA
2662,Aston,PA
2663,Croydon,PA
2664,Hatboro,PA
2665,Media,PA
2666,Morrisville,PA
2667,Philadelphia,PA
2668,Berwyn,PA
2669,Coatesville,PA
2670,Downingtown,PA
2671,Exton,PA
2672,Glen Mills,PA
2673,Honey Brook,PA
2674,Kennett Square,PA
2675,Malvern,PA
2676,Oxford,PA
2677,Parkesburg,PA
2678,West Chester,PA
2679,Audubon,PA
2680,Bridgeport,PA
2681,King Of Prussia,PA
2682,Collegeville,PA
2683,Conshohocken,PA
2684,Harleysville,PA
2685,Hatfield,PA
2686,Lansdale,PA
2687,North Wales,PA
2688,Phoenixville,PA
2689,Pottstown,PA
2690,Royersford,PA
2691,Skippack,PA
2692,Spring City,PA
2693,Adamstown,PA
2694,Boyertown,PA
2695,Douglassville,PA
2696,Hamburg,PA
2697,Kutztown,PA
2698,Reading,PA
2699,West Reading,PA
2700,Block Island,RI
2701,East Greenwich,RI
2702,Exeter,RI
2703,Newport,RI
2704,Middletown,RI
2705,North Kingstown,RI
2706,Pawtucket,RI
2707,Portsmouth ,RI
2708,Wakefield,RI
2709,Warwick,RI
2710,Westerly,RI
2711,West Kingston,RI
2712,Woonsocket,RI
2713,Providence,RI
2714,Cranston,RI
2715,Cayce,SC
2716,Lexington,SC
2717,Columbia,SC
2718,Spartanburg,SC
2719,Boiling Springs,SC
2720,Boiling Springs ,SC
2721,Charleston,SC
2722,North Charleston,SC
2723,Johns Island,SC
2724,Mount Pleasant,SC
2725,Summerville,SC
2726,Florence,SC
2727,Myrtle Beach,SC
2728,Pawleys Island,SC
2729,Greenville,SC
2730,Anderson,SC
2731,Greenwood,SC
2732,Greer,SC
2733,Pelzer,SC
2734,Simpsonville,SC
2735,Taylors,SC
2736,Travelers Rest,SC
2737,Fort Mill,SC
2738,Lancaster,SC
2739,Rock Hill,SC
2740,Aiken,SC
2741,Bluffton,SC
2742,Hilton Head Island,SC
2743,Ridgeland,SC
2744,Brookings,SD
2745,Hartford,SD
2746,Valley Springs,SD
2747,Yankton,SD
2748,Sioux Falls,SD
2749,Watertown,SD
2750,Aberdeen,SD
2751,Rapid City,SD
2752,Custer,SD
2753,Hill City,SD
2754,Hot Springs,SD
2755,Lead,SD
2756,Spearfish,SD
2757,Sturgis,SD
2758,Clarksville,TN
2759,Cottontown,TN
2760,Franklin,TN
2761,Hendersonville,TN
2762,Murfreesboro,TN
2763,Nolensville,TN
2764,Smithville,TN
2765,Nashville,TN
2766,Copperhill,TN
2767,Dayton,TN
2768,Tullahoma,TN
2769,Chattanooga,TN
2770,Red Bank,TN
2771,Johnson City,TN
2772,Bristol,TN
2773,Jonesborough,TN
2774,Kingsport,TN
2775,Alcoa,TN
2776,Gatlinburg,TN
2777,Lancing,TN
2778,Maryville,TN
2779,Norris,TN
2780,Pigeon Forge,TN
2781,Knoxville,TN
2782,Cordova,TN
2783,Memphis,TN
2784,Paris,TN
2785,Jackson,TN
2786,Columbia,TN
2787,Cookeville,TN
2788,Sparta,TN
2789,Addison,TX
2790,Allen,TX
2791,Denison,TX
2792,Plano,TX
2793,Rockwall,TX
2794,Frisco,TX
2795,Garland,TX
2796,Lewisville,TX
2797,Irving,TX
2798,McKinney,TX
2799,Richardson,TX
2800,Rowlett,TX
2801,Sherman,TX
2802,Wylie,TX
2803,Seven Points,TX
2804,Waxahachie,TX
2805,Royse City,TX
2806,Dallas,TX
2807,Farmers Branch,TX
2808,Greenville,TX
2809,Sulphur Springs,TX
2810,Winnsboro,TX
2811,Texarkana,TX
2812,Longview,TX
2813,Pittsburg,TX
2814,Tyler,TX
2815,Athens,TX
2816,Lovelady,TX
2817,Nacogdoches,TX
2818,Arlington,TX
2819,Pantego,TX
2820,Bedford,TX
2821,Granbury,TX
2822,Grapevine,TX
2823,Mansfield ,TX
2824,Mansfield,TX
2825,Willow Park,TX
2826,Fort Worth,TX
2827,Denton,TX
2828,Gainesville,TX
2829,Justin,TX
2830,Keller,TX
2831,Wichita Falls,TX
2832,Cisco,TX
2833,Temple,TX
2834,Belton,TX
2835,Granger,TX
2836,Salado,TX
2837,Taylor,TX
2838,Waco,TX
2839,Rowena,TX
2840,San Saba,TX
2841,San Angelo,TX
2842,Eola,TX
2843,Houston,TX
2844,Conroe,TX
2845,Kingwood,TX
2846,Magnolia,TX
2847,Montgomery,TX
2848,Porter,TX
2849,Tomball,TX
2850,Spring,TX
2851,Humble,TX
2852,Richmond,TX
2853,Bellville,TX
2854,Brookshire,TX
2855,Cypress,TX
2856,Missouri City,TX
2857,Katy,TX
2858,Pasadena,TX
2859,Alvin,TX
2860,Dickinson,TX
2861,Galveston,TX
2862,Pearland,TX
2863,Webster,TX
2864,Port Neches,TX
2865,Bryan,TX
2866,Brenham,TX
2867,College Station,TX
2868,Goliad,TX
2869,Port Lavaca,TX
2870,Shiner,TX
2871,Bandera,TX
2872,Boerne,TX
2873,Kerrville,TX
2874,Spring Branch,TX
2875,Adkins,TX
2876,New Braunfels,TX
2877,Seguin,TX
2878,San Antonio,TX
2879,Corpus Christi,TX
2880,McAllen,TX
2881,Mission,TX
2882,Pharr,TX
2883,Weslaco,TX
2884,South Padre Island,TX
2885,Bertram,TX
2886,Blanco,TX
2887,Buda,TX
2888,Cedar Park,TX
2889,del Valle,TX
2890,Driftwood,TX
2891,Dripping Springs,TX
2892,Fredericksburg,TX
2893,Georgetown,TX
2894,Johnson City,TX
2895,Liberty Hill,TX
2896,Lockhart,TX
2897,Marble Falls,TX
2898,Austin,TX
2899,Round Rock,TX
2900,San Marcos,TX
2901,Wimberley,TX
2902,Amarillo,TX
2903,Lubbock,TX
2904,Abilene,TX
2905,Canutillo,TX
2906,Marathon,TX
2907,El Paso,TX
2908,Layton,UT
2909,Midvale,UT
2910,Park City,UT
2911,Tooele,UT
2912,Vernal,UT
2913,Salt Lake City,UT
2914,salt lake city,UT
2915,Ogden,UT
2916,Helper,UT
2917,Moab,UT
2918,Springville,UT
2919,Cedar City,UT
2920,Springdale,UT
2921,Saint George,UT
2922,White River Junction,VT
2923,Bridgewater Corners,VT
2924,Chelsea,VT
2925,Norwich,VT
2926,Randolph,VT
2927,Windsor,VT
2928,Springfield,VT
2929,Weston,VT
2930,Bennington,VT
2931,Brattleboro,VT
2932,Jacksonville,VT
2933,Burlington,VT
2934,South Burlington,VT
2935,Winooski,VT
2936,Bristol,VT
2937,Colchester,VT
2938,Essex Junction,VT
2939,Hinesburg,VT
2940,Jeffersonville,VT
2941,Richmond,VT
2942,Saint Albans,VT
2943,Saint Albans City,VT
2944,Shelburne,VT
2945,Vergennes,VT
2946,Westford,VT
2947,Williston,VT
2948,Barre,VT
2949,Hyde Park,VT
2950,Morrisville,VT
2951,Northfield,VT
2952,Stowe,VT
2953,Waitsfield,VT
2954,Waterbury,VT
2955,Rutland,VT
2956,Brandon,VT
2957,Killington,VT
2958,Middlebury,VT
2959,Saint Johnsbury,VT
2960,Danville,VT
2961,Greensboro Bend,VT
2962,Newport,VT
2963,West Burke,VT
2964,Aldie,VA
2965,Manassas,VA
2966,Centreville,VA
2967,Purcellville,VA
2968,Hillsboro,VA
2969,Bluemont,VA
2970,Broad Run,VA
2971,Round Hill,VA
2972,Delaplane,VA
2973,Ashburn,VA
2974,Chantilly,VA
2975,Gainesville,VA
2976,Sterling,VA
2977,Dulles,VA
2978,Herndon,VA
2979,Leesburg,VA
2980,Lansdowne,VA
2981,Warrenton,VA
2982,Reston,VA
2983,Fairfax,VA
2984,Falls Church,VA
2985,Lorton,VA
2986,Mc Lean,VA
2987,Vienna,VA
2988,Woodbridge,VA
2989,Lake Ridge,VA
2990,Arlington,VA
2991,Alexandria,VA
2992,Fredericksburg,VA
2993,Colonial Beach,VA
2994,Montross,VA
2995,Spotsylvania,VA
2996,Stafford,VA
2997,Winchester,VA
2998,Front Royal,VA
2999,Middletown,VA
3000,Strasburg,VA
3001,Woodstock,VA
3002,Culpeper,VA
3003,Brandy Station,VA
3004,Madison,VA
3005,Sperryville,VA
3006,Harrisonburg,VA
3007,Edinburg,VA
3008,Elkton,VA
3009,Luray,VA
3010,Charlottesville,VA
3011,Afton,VA
3012,Arrington,VA
3013,Crozet,VA
3014,Lovingston,VA
3015,Nellysford,VA
3016,Orange,VA
3017,Roseland,VA
3018,Waynesboro,VA
3019,Ashland,VA
3020,Glen Allen,VA
3021,Gloucester,VA
3022,Goochland,VA
3023,Midlothian,VA
3024,Mineral,VA
3025,Powhatan,VA
3026,Rockville,VA
3027,Williamsburg,VA
3028,Richmond,VA
3029,Henrico ,VA
3030,Cape Charles,VA
3031,Chesapeake,VA
3032,Chincoteague,VA
3033,Smithfield,VA
3034,Suffolk,VA
3035,Virginia Beach,VA
3036,Norfolk,VA
3037,Newport News,VA
3038,Fort Monroe,VA
3039,Hampton,VA
3040,Portsmouth,VA
3041,Petersburg,VA
3042,Farmville,VA
3043,Roanoke,VA
3044,Axton,VA
3045,Blacksburg,VA
3046,Boones Mill,VA
3047,Callaway,VA
3048,Floyd,VA
3049,Goodview,VA
3050,Hardy,VA
3051,Radford,VA
3052,Salem,VA
3053,Vinton,VA
3054,Bristol,VA
3055,Abingdon,VA
3056,Damascus,VA
3057,Lebanon,VA
3058,Saint Paul,VA
3059,Galax,VA
3060,Wytheville,VA
3061,Staunton,VA
3062,Clifton Forge,VA
3063,Amherst,VA
3064,Appomattox,VA
3065,Bedford,VA
3066,Brookneal,VA
3067,Danville,VA
3068,Forest,VA
3069,Natural Bridge,VA
3070,Scottsville,VA
3071,Auburn,WA
3072,Bellevue,WA
3073,Black Diamond,WA
3074,Bothell,WA
3075,Mill Creek,WA
3076,Duvall,WA
3077,Edmonds,WA
3078,Enumclaw,WA
3079,Issaquah,WA
3080,Kenmore,WA
3081,Kent,WA
3082,Kirkland,WA
3083,Lynnwood,WA
3084,Mountlake Terrace,WA
3085,Redmond,WA
3086,Renton,WA
3087,Snoqualmie,WA
3088,Snoqualmie Pass,WA
3089,Vashon,WA
3090,Woodinville,WA
3091,Sammamish,WA
3092,Lynwood,WA
3093,Seattle,WA
3094,Shoreline,WA
3095,Burien,WA
3096,TUKWILA,WA
3097,SEATTLE,WA
3098,Everett,WA
3099,Anacortes,WA
3100,Arlington,WA
3101,Bellingham,WA
3102,Blaine,WA
3103,Burlington,WA
3104,Clinton,WA
3105,Concrete,WA
3106,Darrington,WA
3107,Deming,WA
3108,Eastsound,WA
3109,Ferndale,WA
3110,Friday Harbor,WA
3111,La Conner,WA
3112,Lake Stevens,WA
3113,Langley,WA
3114,Lopez Island,WA
3115,Marysville,WA
3116,Monroe,WA
3117,Mount Vernon,WA
3118,Mukilteo,WA
3119,Oak Harbor,WA
3120,Camano Island,WA
3121,Snohomish,WA
3122,Stanwood,WA
3123,Sultan,WA
3124,Bremerton,WA
3125,Buckley,WA
3126,Dupont,WA
3127,Gig Harbor,WA
3128,Kingston,WA
3129,Packwood,WA
3130,Port Angeles,WA
3131,Port Orchard,WA
3132,Port Townsend,WA
3133,Poulsbo,WA
3134,edgewood,WA
3135,Puyallup,WA
3136,Quilcene,WA
3137,Sequim,WA
3138,Silverdale,WA
3139,Sumner,WA
3140,Belfair,WA
3141,Tacoma,WA
3142,Lakewood,WA
3143,Olympia,WA
3144,Tumwater,WA
3145,Lacey,WA
3146,Aberdeen,WA
3147,Centralia,WA
3148,Chehalis,WA
3149,Hoquiam,WA
3150,Raymond,WA
3151,Shelton,WA
3152,Tenino,WA
3153,Westport,WA
3154,Yelm,WA
3155,Battle Ground,WA
3156,Camas,WA
3157,Carson,WA
3158,Castle Rock,WA
3159,Cathlamet,WA
3160,Goldendale,WA
3161,Longview,WA
3162,Seaview,WA
3163,Stevenson,WA
3164,Vancouver,WA
3165,Washougal,WA
3166,White Salmon,WA
3167,Wenatchee,WA
3168,Cashmere,WA
3169,Chelan,WA
3170,Leavenworth,WA
3171,Manson,WA
3172,Moses Lake,WA
3173,Oroville,WA
3174,Winthrop,WA
3175,Yakima,WA
3176,Cle Elum,WA
3177,Cowiche,WA
3178,Ellensburg,WA
3179,Naches,WA
3180,Roslyn,WA
3181,Sunnyside,WA
3182,Airway Heights,WA
3183,Liberty Lake,WA
3184,Mead,WA
3185,Chewelah,WA
3186,Colville,WA
3187,Kettle Falls,WA
3188,Newport,WA
3189,Odessa,WA
3190,Pullman,WA
3191,Republic,WA
3192,Spokane,WA
3193,Spokane Valley,WA
3194,Walla Walla,WA
3195,Dayton,WA
3196,Kennewick,WA
3197,Prosser,WA
3198,Richland,WA
3199,Waitsburg,WA
3200,Clarkston,WA
3201,Princeton,WV
3202,Maxwelton,WV
3203,Walton,WV
3204,Charleston,WV
3205,Berkeley Springs,WV
3206,Charles Town,WV
3207,Shepherdstown,WV
3208,Huntington,WV
3209,Beckley,WV
3210,Fayetteville,WV
3211,Cool Ridge,WV
3212,Wheeling,WV
3213,Parkersburg,WV
3214,Elkins,WV
3215,Davis,WV
3216,Thomas,WV
3217,Morgantown,WV
3218,Bruceton Mills,WV
3219,Fairmont,WV
3220,Rivesville,WV
3221,Summersville,WV
3222,Terra Alta,WV
3223,Cedarburg,WI
3224,Chilton,WI
3225,Delafield,WI
3226,Elkhart Lake,WI
3227,Grafton,WI
3228,Hartland,WI
3229,Brookfield,WI
3230,Oconomowoc,WI
3231,Plymouth,WI
3232,Port Washington,WI
3233,Sheboygan,WI
3234,West Bend,WI
3235,East Troy,WI
3236,Greendale,WI
3237,Kenosha,WI
3238,Kenosha ,WI
3239,Lake Geneva,WI
3240,Oak Creek,WI
3241,Waukesha,WI
3242,Whitewater,WI
3243,Milwaukee,WI
3244,Glendale,WI
3245,Wauwatosa,WI
3246,West Allis,WI
3247,Saint Francis,WI
3248,Racine,WI
3249,Arena,WI
3250,Belleville,WI
3251,Cross Plains,WI
3252,Darlington,WI
3253,Janesville,WI
3254,Lake Mills,WI
3255,Middleton,WI
3256,Mineral Point,WI
3257,Monroe,WI
3258,Mount Horeb,WI
3259,New Glarus,WI
3260,Richland Center,WI
3261,Stoughton,WI
3262,Sun Prairie,WI
3263,Verona,WI
3264,Waterloo,WI
3265,Waunakee,WI
3266,Madison ,WI
3267,Madison,WI
3268,Fitchburg,WI
3269,Potosi,WI
3270,Columbus,WI
3271,Reedsburg,WI
3272,Wisconsin Dells,WI
3273,Amery,WI
3274,Clear Lake,WI
3275,Hudson,WI
3276,River Falls,WI
3277,Saint Croix Falls,WI
3278,Somerset,WI
3279,Wilson,WI
3280,de Pere,WI
3281,Marinette,WI
3282,Algoma,WI
3283,Baileys Harbor,WI
3284,Egg Harbor,WI
3285,Luxemburg,WI
3286,Manitowoc,WI
3287,Sturgeon Bay,WI
3288,Green Bay,WI
3289,Wausau,WI
3290,Amherst,WI
3291,Athens,WI
3292,Marshfield,WI
3293,Merrill,WI
3294,Mosinee,WI
3295,Plover,WI
3296,Rosholt,WI
3297,Stevens Point,WI
3298,Rhinelander,WI
3299,Eagle River,WI
3300,Manitowish Waters,WI
3301,Minocqua,WI
3302,Woodruff,WI
3303,La Crosse,WI
3304,Black River Falls,WI
3305,Hillsboro,WI
3306,Onalaska,WI
3307,Soldiers Grove,WI
3308,Eau Claire,WI
3309,Altoona,WI
3310,Bloomer,WI
3311,Chippewa Falls,WI
3312,Cornell,WI
3313,Dallas,WI
3314,Menomonie,WI
3315,Osseo,WI
3316,Whitehall,WI
3317,Spooner,WI
3318,Ashland,WI
3319,Grantsburg,WI
3320,Hayward,WI
3321,Superior,WI
3322,Washburn,WI
3323,Oshkosh,WI
3324,Appleton,WI
3325,Coloma,WI
3326,Marion,WI
3327,Menasha,WI
3328,Neenah,WI
3329,Ripon,WI
3330,Waupaca,WI
3331,Cheyenne,WY
3332,Laramie,WY
3333,Saratoga,WY
3334,Cody,WY
3335,Powell,WY
3336,Ten Sleep,WY
3337,Thermopolis,WY
3338,Lander,WY
3339,Casper,WY
3340,Douglas,WY
3341,Glenrock,WY
3342,Gillette,WY
3343,Sheridan,WY
3344,Buffalo,WY
3345,Rock Springs,WY
3346,Pinedale,WY
3347,Jackson,WY
3348,Alpine,WY
3349,Big Flat,AR
3350,Bell,CA
3351,San Jose,FL
3352,Medfield,MD
3353,Walker,MN
3354,Dublin,OH
3355,Tecopa,CA
3356,Universal City,CA
3357,Mashantucket,CT
3358,Cancun,FL
3359,Omaha,GA
3360,Elk River,ID
3361,Leesburg,IN
3362,Thibodaux,LA
3363,West Forks,ME
3364,Monhegan,ME
3365,Hunt Valley,MD
3366,Brohman,MI
3367,Alpha,MI
3368,Copper Harbor,MI
3369,Reads Landing,MN
3370,Lewistown,MT
3371,Lincoln,NM
3372,Garrattsville,NY
3373,Cherry Plain,NY
3374,Middle Bass Island,OH
3375,Marlboro,VT
